{"cameraMode":{"drawMode":0,"name":"Shaded","section":"Shading Mode"},"sceneLighting":true,"audioPlay":false,"sceneViewState":{"showFog":true,"showMaterialUpdate":false,"showSkybox":true,"showFlares":true,"showImageEffects":true,"showParticleSystems":true},"in2DMode":false,"pivot":{"x":0.12540969252586366,"y":0.19857501983642579,"z":0.33670422434806826},"rotation":{"x":-0.1536782681941986,"y":-0.6608572602272034,"z":0.14085136353969575,"w":-0.7209895849227905},"size":0.969866931438446,"orthographic":false}